idx,random_idx0,random_idx1,random_idx2,random_idx3,random_idx4,random_idx5,random_idx6,random_idx7,random_idx8,random_idx9
0,157,942,904,129,811,1081,349,1086,1085,220
1,893,414,307,1076,544,716,410,920,343,649
2,5,504,373,802,960,350,198,16,1074,796
3,912,595,749,157,116,546,264,292,402,82
4,757,537,1068,831,819,825,122,843,420,698
5,878,58,1059,35,894,158,54,753,927,479
6,615,980,269,218,205,234,471,267,335,26
7,842,849,471,673,902,757,990,599,770,468
8,1076,649,26,488,352,543,952,318,858,483
9,706,212,863,915,586,407,481,606,726,786
10,1090,1014,649,411,442,137,854,707,246,711
11,193,330,1067,464,614,661,9,253,299,25
12,751,807,1024,931,686,314,531,304,184,137
13,940,1066,831,49,709,455,714,987,431,1072
14,214,439,442,162,537,965,41,97,388,640
15,210,668,966,222,612,221,699,403,971,908
16,273,1082,610,237,318,464,457,1002,474,489
17,968,437,1019,546,469,447,139,877,180,828
18,48,375,540,271,1076,560,535,279,91,168
19,950,491,1088,788,792,845,81,33,1020,806
20,204,581,127,765,713,1067,997,519,989,224
21,264,843,288,248,817,840,548,867,452,839
22,282,179,514,509,635,609,179,45,19,209
23,1004,484,943,69,636,1007,751,825,877,784
24,43,92,866,92,1041,312,662,373,339,824
25,734,211,299,865,357,20,144,675,257,357
26,221,62,1086,216,418,904,503,880,921,121
27,262,426,213,321,1079,843,304,391,720,995
28,290,125,858,695,939,574,488,980,491,438
29,715,964,615,132,343,551,962,43,95,5
30,785,801,961,829,274,62,83,903,16,243
31,1060,1075,18,316,685,644,477,587,916,123
32,206,447,557,357,110,818,43,145,793,9
33,217,672,529,572,67,1044,64,34,194,826
34,399,197,496,1034,860,76,136,934,845,895
35,1006,408,321,607,672,919,32,571,506,822
36,642,626,238,51,463,161,28,351,315,664
37,289,183,149,270,761,864,745,743,1090,170
38,764,1086,736,924,1057,745,642,205,511,286
39,14,923,247,431,335,617,762,444,475,217
40,286,232,558,264,596,868,236,805,408,284
41,509,883,691,191,990,908,367,910,333,767
42,879,505,130,1085,258,956,958,1052,571,147
43,1072,552,646,494,48,958,379,760,640,83
44,569,810,693,574,515,812,327,462,291,1065
45,1008,561,22,630,548,151,97,824,586,532
46,294,26,385,11,613,469,769,979,115,707
47,1074,281,922,164,813,244,689,106,116,829
48,373,515,207,697,375,174,415,947,317,1016
49,34,172,696,763,1071,677,1082,352,607,353
50,773,905,80,754,197,724,302,517,850,961
51,330,873,602,1036,347,822,177,801,200,351
52,819,979,35,870,582,888,529,375,909,80
53,332,924,197,907,1016,200,959,125,772,307
54,457,625,1057,429,798,1045,78,718,1076,98
55,143,868,290,226,326,518,453,495,269,641
56,974,30,20,810,560,380,450,336,235,662
57,986,887,592,268,432,361,542,390,794,463
58,1021,615,166,565,846,645,434,372,838,198
59,900,284,349,467,192,832,10,826,187,358
60,410,274,283,602,795,1009,995,477,943,921
61,1048,676,709,261,704,913,738,317,862,229
62,23,872,785,554,751,317,76,36,613,90
63,965,856,414,641,263,292,936,62,204,820
64,7,381,383,16,100,633,815,789,117,1090
65,581,103,265,149,80,360,1062,1005,868,195
66,343,449,453,640,201,541,850,568,163,552
67,733,1035,129,339,454,915,1051,311,923,1026
68,255,303,486,185,489,647,565,177,300,670
69,515,119,346,1026,840,814,912,950,418,466
70,197,1,950,690,986,442,411,353,652,886
71,1085,121,583,221,927,880,814,1085,210,336
72,153,132,662,558,826,810,1000,581,907,422
73,375,593,320,611,490,1087,405,271,930,1006
74,113,1002,655,605,742,792,174,364,1003,111
75,754,882,549,391,957,511,75,448,450,917
76,45,354,664,982,1074,569,926,461,94,499
77,378,490,606,842,746,476,786,459,598,1046
78,748,167,347,430,364,938,311,376,277,361
79,783,814,1087,244,159,992,782,467,232,365
80,661,332,621,785,14,327,142,834,980,1071
81,313,313,417,780,630,154,433,226,521,1020
82,884,410,74,530,75,687,541,443,861,467
83,169,495,741,642,723,718,412,533,981,457
84,93,692,469,1017,153,202,505,893,265,421
85,670,91,676,692,496,790,99,39,181,360
86,799,1003,564,643,323,1054,747,699,136,91
87,1061,1092,946,235,944,899,74,876,1063,359
88,200,198,477,505,857,267,868,499,360,643
89,365,44,553,691,58,430,438,873,1070,981
90,495,96,848,911,681,842,1072,685,140,1029
91,154,742,104,1068,812,49,184,663,1047,811
92,390,913,309,470,641,621,664,508,1042,713
93,1024,441,699,1055,683,720,494,347,986,181
94,911,725,427,578,306,858,772,887,525,84
95,550,134,11,214,462,355,659,645,1059,145
96,442,1025,590,541,696,204,186,794,1001,280
97,325,101,1056,769,777,503,1068,942,1091,699
98,547,989,725,806,821,24,419,139,166,106
99,1044,329,574,39,938,577,743,564,1079,620
100,511,1065,763,158,324,736,482,165,1036,912
101,848,339,962,5,300,223,478,999,378,528
102,388,262,935,113,228,325,5,957,390,248
103,1053,477,448,139,1023,271,125,1077,375,542
104,962,959,911,850,431,98,821,700,306,856
105,112,991,877,1005,882,195,487,204,127,36
106,554,772,344,1081,70,860,948,525,803,621
107,641,643,250,519,88,611,606,846,855,790
108,402,988,603,327,291,708,162,888,121,1078
109,696,694,491,34,21,81,845,684,118,444
110,680,722,291,445,57,323,549,338,612,221
111,339,56,219,434,510,526,994,61,924,687
112,6,787,472,330,135,60,839,579,326,323
113,408,675,1035,743,692,16,933,481,866,389
114,88,207,924,126,740,862,798,635,735,788
115,596,1037,865,1040,803,291,390,992,348,480
116,256,258,617,497,275,907,166,164,963,1083
117,692,82,944,184,611,815,763,975,0,933
118,426,317,502,1053,969,572,279,898,807,747
119,441,1030,692,29,392,440,801,851,998,165
120,479,413,200,987,911,375,12,745,316,56
121,239,273,148,855,766,787,123,184,22,362
122,523,483,49,73,980,1059,964,1088,944,590
123,72,336,807,111,287,116,559,763,490,413
124,625,468,767,1042,492,819,720,181,209,431
125,742,398,156,564,319,198,778,643,949,1043
126,795,356,1038,203,738,594,630,505,809,215
127,172,123,457,168,109,245,891,0,189,214
128,489,391,151,206,307,205,670,398,719,619
129,32,709,371,880,62,775,533,131,1068,315
130,473,831,330,1091,438,740,345,784,64,691
131,652,359,565,757,1019,748,277,72,871,580
132,627,609,666,420,880,138,862,609,38,384
133,1023,834,716,163,149,931,312,537,692,1027
134,943,553,139,223,904,803,118,100,638,154
135,665,127,1011,116,964,627,360,544,384,1074
136,381,582,820,687,453,1085,102,1053,249,343
137,838,379,734,1013,788,1051,181,1072,712,104
138,505,415,1047,382,579,290,391,239,28,290
139,450,366,1051,71,1055,179,33,566,945,6
140,222,535,916,25,63,585,1070,772,579,632
141,660,251,251,696,772,68,597,554,397,190
142,924,268,15,571,671,949,112,626,549,838
143,185,685,860,333,527,505,299,751,1088,568
144,125,325,742,718,32,72,276,935,600,127
145,49,239,1053,475,718,934,232,455,885,586
146,752,859,272,768,701,309,757,64,978,549
147,841,747,1083,42,786,391,759,591,414,1021
148,369,1016,211,175,602,176,318,1039,455,715
149,1049,1052,559,631,206,443,722,334,302,803
150,149,429,1003,760,245,1065,965,470,535,136
151,753,689,128,169,1012,156,65,497,711,951
152,1055,485,418,639,664,513,50,971,966,1036
153,947,84,1046,809,456,130,696,776,902,573
154,300,1088,204,707,905,441,781,187,952,686
155,595,79,524,740,931,701,579,516,356,1092
156,793,49,836,416,875,696,992,923,1081,843
157,576,542,36,518,720,516,238,595,620,20
158,128,820,397,115,182,258,427,940,619,743
159,1030,1034,1016,135,691,328,514,35,771,646
160,701,780,948,79,140,512,377,310,738,269
161,412,243,627,432,507,324,475,473,519,936
162,109,305,968,340,449,926,26,135,446,560
163,579,728,639,105,248,139,520,377,198,865
164,739,290,893,841,250,806,686,488,804,454
165,606,996,703,952,28,852,374,602,780,762
166,928,501,852,193,896,737,36,762,44,1004
167,1020,716,190,194,362,903,889,58,146,768
168,1070,870,818,345,757,1025,1009,83,389,1088
169,813,118,784,1015,316,746,146,613,60,470
170,219,786,107,12,832,219,38,553,380,949
171,270,957,838,60,395,56,244,722,685,624
172,845,819,234,230,94,660,248,320,634,581
173,835,199,760,1032,177,343,376,925,323,726
174,82,840,826,15,20,567,1091,1059,649,545
175,96,15,210,1000,284,882,1074,301,447,383
176,770,246,987,524,185,502,353,180,327,527
177,590,1017,241,839,425,172,491,686,937,875
178,419,236,591,553,169,474,60,791,627,459
179,552,1039,185,56,784,804,431,189,654,789
180,311,767,463,940,46,848,663,857,337,213
181,83,715,85,770,667,581,454,855,330,1010
182,163,965,292,465,908,180,523,102,884,1024
183,990,349,39,941,699,470,418,844,125,510
184,868,528,14,368,708,861,621,335,839,852
185,236,499,452,96,595,789,906,438,1004,770
186,874,714,489,491,1034,224,240,538,313,645
187,593,16,474,989,977,923,553,598,488,551
188,983,808,45,744,15,468,620,212,150,795
189,671,510,871,1031,445,989,646,1016,686,71
190,252,721,870,278,623,105,164,314,606,1077
191,46,304,1006,1002,430,579,140,656,689,129
192,283,392,849,1019,648,321,571,529,931,537
193,929,1070,674,1041,888,393,459,201,293,1041
194,303,0,444,233,655,389,1088,670,729,871
195,539,969,505,680,405,28,527,860,704,1017
196,643,21,446,275,56,731,239,658,724,385
197,1,430,97,134,736,945,354,115,555,291
198,190,1007,1080,665,858,829,80,515,258,816
199,391,758,1008,381,406,909,804,530,424,103
200,582,937,990,385,178,311,1016,483,641,429
201,346,687,409,918,878,1082,998,807,526,259
202,946,655,656,315,265,262,235,400,55,184
203,711,173,28,921,968,210,871,471,897,630
204,126,162,675,863,97,1018,339,479,645,855
205,846,860,1021,939,659,168,254,274,90,173
206,1032,1044,717,473,98,824,256,215,1075,464
207,1043,482,243,736,562,433,25,299,533,279
208,655,151,215,792,898,434,171,708,24,167
209,357,881,134,444,44,869,319,967,109,880
210,1080,846,657,949,557,390,218,624,215,146
211,458,519,273,994,694,966,856,52,507,930
212,1063,663,804,189,849,426,357,493,614,400
213,512,145,506,913,152,673,861,216,82,363
214,91,946,869,936,581,1031,352,927,883,907
215,25,164,384,455,71,780,901,11,130,1037
216,182,159,220,31,443,171,875,346,591,844
217,956,74,667,24,914,788,603,695,148,317
218,66,310,82,588,779,527,1084,331,903,455
219,977,233,55,415,158,642,842,580,797,764
220,837,855,266,678,933,936,347,948,665,885
221,831,529,560,1072,346,83,283,295,987,639
222,724,315,951,704,716,573,532,8,349,950
223,433,1043,279,828,249,786,480,984,182,712
224,103,487,979,124,7,777,825,198,173,766
225,1025,390,1050,728,883,767,999,661,529,189
226,151,545,33,979,697,999,272,421,496,666
227,608,697,797,183,774,279,598,88,629,963
228,107,148,1076,290,19,709,1004,692,399,523
229,170,570,828,900,1021,606,970,546,427,327
230,500,1079,235,573,437,1064,267,639,401,994
231,205,827,401,504,604,625,417,111,1034,433
232,577,1054,504,658,99,813,449,1062,430,116
233,50,585,256,752,767,41,665,1013,727,415
234,145,693,830,773,218,199,275,578,332,8
235,326,746,69,1075,312,47,348,988,67,785
236,712,817,421,581,105,697,903,983,211,484
237,526,848,1062,738,257,486,557,154,282,156
238,335,520,120,238,117,679,154,732,715,326
239,825,298,275,334,368,944,468,366,900,60
240,800,574,175,771,66,269,524,719,736,1044
241,728,858,318,171,1038,166,800,188,157,721
242,477,111,970,476,288,471,504,845,97,21
243,567,1038,406,477,756,425,253,380,1019,398
244,121,726,1036,934,776,837,521,875,276,772
245,481,52,1054,833,932,241,429,870,178,520
246,585,18,680,97,676,1032,826,771,625,270
247,609,250,570,474,209,589,479,261,635,569
248,659,88,1084,361,962,578,330,129,918,564
249,22,191,473,649,652,207,1069,213,672,934
250,603,389,485,531,222,1012,717,150,817,1054
251,436,175,174,732,1063,750,400,208,500,932
252,555,358,29,256,830,320,812,904,12,187
253,972,1068,827,534,928,349,864,454,267,223
254,1078,854,1017,125,710,460,746,241,85,809
255,187,42,248,252,1025,71,546,296,503,1049
256,220,51,455,449,680,686,113,922,441,89
257,804,680,209,413,101,521,563,653,164,1022
258,744,435,405,1060,855,1038,156,162,950,30
259,413,6,954,720,113,335,148,24,93,834
260,781,1006,408,468,916,906,701,994,831,28
261,462,573,443,199,17,552,207,797,87,832
262,904,931,653,372,637,136,857,313,852,705
263,454,141,754,894,387,401,706,74,285,258
264,272,917,188,723,147,1035,329,761,698,749
265,909,275,677,312,484,218,985,225,190,456
266,869,506,1070,119,264,418,949,746,69,1011
267,274,443,221,68,411,187,866,367,7,299
268,364,135,527,331,1033,808,366,905,674,392
269,759,31,1078,535,174,684,91,224,1049,679
270,117,39,642,854,267,165,165,540,820,7
271,686,532,24,18,1028,663,700,84,21,904
272,784,242,730,335,589,351,750,159,566,100
273,602,645,510,161,598,374,1090,713,680,232
274,548,569,366,50,136,264,547,358,422,906
275,519,5,403,861,65,201,445,222,749,1070
276,338,805,438,427,765,624,1075,387,75,1038
277,304,1042,566,777,609,75,739,79,528,435
278,307,29,431,346,949,556,219,1070,733,819
279,516,174,599,735,805,893,1063,900,478,420
280,336,629,507,522,622,38,1059,95,329,369
281,658,108,487,405,972,522,507,911,185,830
282,309,128,762,152,760,31,687,489,1030,598
283,184,928,341,661,734,727,389,672,1028,916
284,919,737,237,94,311,1022,157,51,192,779
285,137,670,1043,563,563,63,201,121,1005,714
286,938,914,972,950,785,94,93,917,107,1075
287,613,203,791,609,717,1046,470,345,492,538
288,700,993,388,106,523,342,647,441,1056,695
289,395,494,867,513,1077,914,6,113,1014,188
290,818,1056,963,816,1067,766,940,289,273,882
291,743,187,921,883,190,231,611,615,499,748
292,344,113,199,435,1061,1027,1031,101,112,418
293,605,337,364,246,578,772,551,1078,527,51
294,1027,892,332,306,809,222,442,959,721,275
295,17,933,230,566,592,1043,160,332,287,665
296,1031,57,153,398,912,743,1011,897,23,968
297,1082,293,281,943,348,707,187,549,1007,405
298,104,568,362,77,376,273,715,418,493,758
299,430,999,697,141,84,725,117,616,618,440
300,460,23,711,348,646,392,151,120,800,837
301,438,387,548,220,118,90,516,667,957,240
302,736,990,898,897,435,674,230,382,213,1045
303,923,237,1007,708,941,547,1089,812,701,935
304,871,253,996,795,254,126,222,890,1072,368
305,469,695,995,968,31,1069,336,556,562,281
306,993,894,588,338,970,371,624,401,756,566
307,782,806,425,448,477,238,1092,103,722,522
308,978,596,1025,219,41,214,572,584,1,18
309,530,688,441,991,298,922,810,392,1053,946
310,267,551,274,456,397,666,510,736,341,364
311,89,681,938,390,925,91,337,153,1000,593
312,788,146,684,514,993,1080,436,868,508,69
313,721,220,530,487,739,637,392,550,196,381
314,987,877,660,889,198,1034,382,104,145,989
315,513,778,98,675,61,383,484,1010,543,1079
316,586,907,183,329,725,493,886,842,486,689
317,533,105,967,370,9,85,1086,523,331,802
318,64,372,380,926,594,381,126,765,1043,500
319,1059,578,758,798,810,461,70,731,844,812
320,1013,584,160,358,950,454,1043,1063,245,903
321,824,730,122,805,363,548,1027,234,247,157
322,727,283,778,956,561,58,11,620,940,883
323,630,879,343,638,992,530,90,960,560,854
324,568,829,12,928,862,641,545,405,396,515
325,218,221,194,705,314,537,280,1030,709,696
326,240,424,54,832,493,1016,111,601,114,1084
327,292,886,0,85,915,482,1029,416,1058,998
328,97,2,458,969,649,100,155,829,755,183
329,607,1071,208,891,621,963,629,452,372,969
330,811,651,806,231,194,248,515,1079,379,1031
331,162,50,947,550,211,769,885,1017,324,112
332,229,1033,695,288,447,692,1046,894,795,1053
333,992,518,813,283,8,960,807,140,953,231
334,826,981,295,920,403,754,401,520,311,701
335,971,712,899,1082,289,691,506,659,354,928
336,908,777,910,822,23,863,190,54,589,996
337,1066,918,1020,64,853,1092,605,96,445,341
338,129,878,327,909,74,500,1052,585,878,92
339,152,1024,350,344,202,655,191,1042,218,447
340,563,525,192,537,353,242,109,324,230,1039
341,9,583,884,78,879,287,233,726,460,133
342,796,526,624,43,377,924,719,203,165,334
343,975,102,815,173,229,89,242,985,346,867
344,777,653,252,612,426,499,1005,747,513,477
345,1075,844,125,180,235,1037,666,589,222,815
346,31,458,518,815,295,497,983,450,25,416
347,780,33,635,698,1068,554,585,246,574,216
348,155,522,834,86,869,717,237,952,385,226
349,114,556,93,493,748,561,991,608,1006,191
350,73,941,339,796,268,50,775,110,530,94
351,207,218,436,13,427,747,252,518,11,105
352,618,1076,572,584,475,1000,780,524,454,709
353,102,411,1039,961,303,376,332,137,233,40
354,624,723,63,202,513,330,602,447,465,118
355,645,71,121,153,764,622,1037,172,762,732
356,942,517,601,227,1032,78,694,490,268,757
357,1041,498,357,624,921,639,1032,945,106,601
358,531,60,913,528,770,145,841,420,822,944
359,376,671,225,99,956,950,568,901,894,228
360,341,774,1009,356,617,670,1030,502,46,728
361,829,908,561,729,436,802,120,714,658,287
362,386,897,619,844,844,485,728,628,281,373
363,400,206,232,395,937,755,560,509,874,557
364,20,114,79,589,30,308,217,701,983,642
365,885,76,328,103,305,781,77,77,734,702
366,906,1083,686,1056,730,1056,21,10,539,297
367,828,157,231,44,333,402,138,1064,132,453
368,404,83,340,108,519,756,322,545,546,763
369,361,43,931,755,78,640,159,906,1017,850
370,810,678,270,714,703,1086,216,813,922,940
371,957,776,242,875,440,420,740,273,872,902
372,560,338,1022,1061,339,1006,1012,256,522,896
373,461,598,1030,87,918,664,636,141,955,647
374,247,809,930,303,521,794,680,567,365,218
375,916,186,140,853,452,183,281,721,537,1040
376,166,263,133,104,874,450,508,915,328,541
377,514,943,835,40,815,811,331,168,1080,402
378,679,19,83,905,423,758,189,637,1009,475
379,379,323,117,291,753,1030,203,179,110,310
380,98,865,980,353,608,177,818,49,594,257
381,340,523,1026,724,679,286,943,309,942,1052
382,880,1027,229,990,536,847,380,806,241,791
383,406,368,367,700,1027,92,212,787,494,618
384,81,920,426,142,187,742,567,207,504,481
385,443,479,641,14,226,331,674,991,1037,57
386,677,115,135,151,808,797,643,329,1050,926
387,905,833,304,242,656,1061,669,856,325,1035
388,910,279,57,422,682,178,677,930,383,395
389,57,428,244,254,1053,406,300,618,99,58
390,699,1091,795,521,796,413,783,283,518,849
391,506,152,862,644,495,839,744,399,56,804
392,370,795,714,209,705,619,876,871,31,85
393,709,828,53,67,199,439,623,440,101,792
394,1047,1047,983,360,460,649,196,50,1086,657
395,571,967,315,440,787,761,849,881,768,614
396,494,611,825,148,294,37,208,196,766,952
397,959,784,143,614,541,106,788,918,899,428
398,1050,208,48,781,231,1039,540,430,515,441
399,901,472,651,45,407,304,920,22,288,873
400,663,200,372,711,542,203,101,723,657,529
401,53,466,193,823,669,851,406,561,814,629
402,258,27,168,30,45,358,655,691,536,230
403,192,541,764,201,923,481,984,409,297,957
404,356,530,915,210,269,396,899,895,207,636
405,115,590,887,204,789,719,338,1058,697,325
406,349,55,159,616,320,532,57,847,954,300
407,191,184,909,937,1042,489,896,92,786,889
408,318,741,398,516,87,326,675,107,411,451
409,794,227,661,471,341,608,446,650,875,16
410,485,433,402,121,77,823,1077,424,1071,544
411,120,1067,377,801,987,959,147,951,220,1057
412,324,294,102,53,994,694,790,362,745,96
413,288,995,584,27,1007,629,908,463,935,206
414,291,884,999,852,851,676,887,754,650,348
415,629,260,737,652,309,341,831,932,175,575
416,840,147,1031,702,219,149,408,785,191,840
417,745,792,586,608,793,971,558,941,826,988
418,75,1028,92,19,687,948,425,171,484,234
419,18,612,1092,324,497,465,897,830,199,462
420,536,285,832,975,670,18,577,748,960,777
421,528,396,308,626,863,399,884,633,941,756
422,761,192,369,671,379,841,900,1011,142,115
423,141,165,171,892,583,405,612,1015,255,38
424,37,698,919,964,890,535,192,456,824,427
425,730,451,95,41,522,251,474,558,457,1033
426,926,1005,808,341,747,1024,793,482,939,1091
427,1089,143,132,1027,1083,67,878,27,286,107
428,4,496,65,232,49,702,989,337,904,498
429,740,90,374,318,329,498,98,541,367,119
430,63,309,413,22,472,397,358,712,366,948
431,999,1058,240,932,467,382,975,474,88,393
432,389,577,420,1077,433,991,895,998,863,394
433,732,37,1005,595,1013,338,695,1014,718,182
434,1067,321,297,629,389,636,771,623,469,1012
435,208,919,1027,868,690,1001,1071,612,421,262
436,864,902,27,548,677,1029,69,1037,864,271
437,735,452,368,747,386,301,614,232,262,3
438,65,14,10,269,372,877,175,569,581,964
439,244,348,267,406,1064,140,575,130,68,813
440,440,367,324,145,854,741,493,468,775,984
441,234,785,113,52,966,206,736,742,407,344
442,181,194,187,159,693,986,816,968,70,192
443,527,852,222,296,861,45,119,1019,34,77
444,634,891,216,888,416,61,760,790,141,169
445,639,771,1002,753,491,705,462,200,928,688
446,902,962,78,501,487,184,1006,243,1062,249
447,0,160,593,873,371,1057,913,359,707,1048
448,666,1059,546,719,166,52,667,848,683,1002
449,33,812,181,657,868,104,848,1023,172,861
450,319,425,517,610,893,288,947,277,520,349
451,1003,927,516,730,103,249,1038,87,933,460
452,558,282,1004,347,511,712,802,741,403,710
453,834,8,855,957,413,575,473,974,893,953
454,887,181,810,662,1005,42,650,1091,37,241
455,597,360,722,737,189,665,430,108,934,49
456,812,727,13,74,707,8,435,820,149,15
457,729,222,1090,592,543,134,971,872,364,276
458,791,646,124,137,726,86,106,993,920,161
459,76,440,894,274,871,734,393,514,33,305
460,150,641,186,1021,668,373,1024,423,449,511
461,134,866,412,187,53,431,309,312,358,622
462,1029,230,38,632,50,550,555,1081,524,204
463,1002,112,585,499,203,763,288,560,576,225
464,316,970,416,721,627,99,698,94,1041,681
465,68,821,150,208,632,424,131,677,15,110
466,566,1000,759,298,873,967,966,551,730,754
467,578,633,479,196,953,651,741,395,502,345
468,857,702,164,122,1043,282,200,1035,159,399
469,594,404,73,26,733,849,1056,720,154,73
470,383,889,172,314,841,232,135,981,599,669
471,510,153,567,814,539,316,224,1074,554,730
472,1081,122,2,893,1014,726,1080,926,815,244
473,448,867,223,515,991,1010,981,453,369,635
474,930,700,738,496,706,296,403,823,1054,23
475,447,100,501,1024,839,519,685,6,201,617
476,763,930,554,166,224,372,765,861,92,75
477,985,1021,923,821,102,194,522,555,575,203
478,529,474,579,287,698,776,1041,56,905,283
479,360,306,1089,400,610,147,770,788,52,684
480,1037,380,616,32,1044,35,455,408,123,805
481,937,1061,99,170,978,495,172,841,139,909
482,488,405,236,181,393,587,836,964,188,628
483,1046,592,611,107,963,555,14,297,860,430
484,690,324,839,311,631,695,809,122,126,818
485,1011,925,1028,567,913,239,795,472,264,983
486,542,427,226,462,633,953,265,1092,808,587
487,455,144,604,575,2,103,610,1000,412,1087
488,144,384,360,384,470,14,1073,535,873,458
489,414,300,348,295,358,1003,934,316,765,605
490,92,720,25,1084,121,159,709,976,394,502
491,632,766,387,281,402,1036,1021,211,990,504
492,713,331,157,598,1002,467,1044,621,214,862
493,54,607,351,309,584,364,86,1008,1048,954
494,475,711,154,241,483,979,307,642,593,1067
495,101,124,203,899,1091,429,1081,327,50,825
496,925,540,859,520,606,682,84,281,481,252
497,913,247,556,664,220,635,827,23,1061,539
498,94,835,618,38,984,414,673,26,746,407
499,465,972,562,886,27,448,705,38,544,682
500,434,256,783,1007,399,456,287,393,642,583
501,501,422,280,539,985,946,153,429,565,514
502,61,431,975,775,615,409,456,1087,675,656
503,1088,796,7,1030,186,778,961,209,761,891
504,622,650,116,993,4,473,805,944,671,178
505,195,195,429,807,546,10,851,163,818,602
506,667,507,382,155,334,141,150,158,138,776
507,749,802,794,709,144,911,657,664,509,869
508,435,566,665,978,802,599,518,262,588,1034
509,393,906,1064,901,51,1084,910,840,497,265
510,30,638,323,627,160,927,49,758,1022,24
511,850,371,957,1064,450,307,914,738,404,718
512,836,606,306,983,530,352,929,300,1016,833
513,883,885,647,512,398,1063,324,1090,870,733
514,372,893,411,188,1092,985,924,833,646,780
515,492,718,77,604,168,268,645,570,319,174
516,135,61,694,239,373,912,808,148,936,524
517,15,205,671,583,38,964,824,735,1055,982
518,935,738,461,944,40,925,141,627,1073,534
519,3,204,342,63,654,73,703,896,1038,1019
520,621,708,545,500,37,1011,59,484,374,253
521,397,1018,945,848,1039,739,100,18,846,755
522,503,1060,316,81,1020,1088,1023,640,48,739
523,1056,1001,634,365,204,865,447,832,938,151
524,468,976,262,1062,232,523,95,725,347,452
525,823,1084,802,292,79,683,500,1026,932,372
526,726,420,853,794,643,584,342,254,1026,1076
527,1040,24,23,1033,476,957,133,155,392,893
528,803,492,713,869,479,436,443,70,929,396
529,768,1078,644,596,737,188,592,227,881,760
530,392,409,378,617,823,753,776,402,836,200
531,544,588,888,362,540,121,197,562,590,13
532,122,759,389,83,524,885,416,185,263,274
533,232,973,581,304,741,157,2,446,206,860
534,86,750,928,647,814,601,132,557,656,905
535,922,753,614,463,1085,463,259,93,769,301
536,299,656,933,1092,293,227,317,78,821,222
537,802,861,822,437,503,1008,394,449,748,611
538,302,765,670,364,279,525,1001,912,552,125
539,491,154,111,48,825,369,483,410,487,108
540,277,800,673,70,571,1090,53,574,967,352
541,646,624,723,1020,1036,226,195,768,540,723
542,931,126,891,1044,292,487,88,1067,851,919
543,876,442,768,402,650,955,1076,173,716,39
544,147,683,470,1052,310,791,206,378,624,292
545,132,627,294,1006,299,305,794,374,889,70
546,38,966,286,1070,468,817,820,646,659,376
547,342,130,956,620,369,870,641,308,673,506
548,611,36,355,667,545,583,465,668,621,1069
549,517,155,317,197,401,53,46,9,439,655
550,118,245,195,727,1051,315,928,357,202,497
551,87,78,547,328,945,693,310,542,547,799
552,694,215,799,791,155,779,600,57,176,175
553,1091,374,612,549,327,114,266,138,42,606
554,970,402,685,706,564,595,576,142,391,338
555,108,196,1041,46,165,856,66,604,663,374
556,257,388,844,562,54,488,874,151,982,172
557,159,177,577,859,620,891,707,487,901,318
558,74,377,766,1047,958,462,840,186,551,67
559,967,978,955,1054,769,582,56,458,3,424
560,873,543,271,1083,458,867,637,19,713,1061
561,146,59,663,856,195,122,375,361,777,1064
562,314,560,173,200,173,77,241,114,626,750
563,351,412,37,36,223,131,956,428,992,970
564,1038,533,988,904,29,662,633,37,212,660
565,312,616,202,459,518,167,974,673,320,130
566,636,400,1001,351,1040,449,398,809,1045,517
567,280,161,336,986,574,415,858,924,303,1073
568,19,225,498,393,212,830,953,248,505,599
569,562,461,46,409,410,1058,819,368,570,677
570,669,754,682,502,859,990,880,82,54,782
571,139,757,6,147,457,774,1026,858,122,798
572,213,926,105,403,142,1074,1013,1069,828,931
573,545,619,936,299,533,216,460,874,812,186
574,631,769,191,922,360,1048,972,432,308,741
575,543,1085,608,866,936,142,4,242,670,938
576,731,1040,456,681,404,115,608,892,321,516
577,583,1048,34,192,340,152,20,498,631,1009
578,866,597,439,858,221,634,797,263,740,1
579,322,53,845,240,570,82,291,435,167,623
580,833,998,837,93,344,492,359,705,973,408
581,898,327,969,693,768,771,143,506,20,939
582,51,255,800,1046,807,713,161,657,604,603
583,116,87,681,756,382,164,622,1040,161,899
584,856,696,1075,130,283,410,158,1071,628,505
585,844,322,407,827,313,135,919,192,301,866
586,668,838,492,965,554,538,988,728,951,975
587,254,280,123,397,661,1083,194,342,753,330
588,58,911,812,258,315,889,87,715,840,134
589,534,86,576,999,1,799,176,786,368,46
590,899,562,833,725,355,962,180,933,197,437
591,875,1087,319,458,897,656,724,476,1066,482
592,261,133,698,613,3,508,601,597,1082,350
593,822,193,735,457,367,997,1050,109,242,1068
594,2,839,770,818,763,835,525,1032,867,486
595,948,940,648,917,870,438,273,958,477,943
596,535,751,296,555,512,678,292,354,476,22
597,39,869,60,273,148,458,672,29,428,717
598,683,489,543,374,955,1071,1018,539,144,775
599,387,486,658,1079,273,274,869,928,784,449
600,215,554,824,359,95,570,847,1025,9,37
601,697,386,512,972,134,298,635,286,741,595
602,337,1022,331,1087,1009,228,599,491,183,918
603,903,779,1032,650,628,109,67,680,98,565
604,225,876,537,930,381,918,215,717,231,409
605,888,72,392,600,162,770,632,425,444,160
606,1087,210,629,540,175,1075,570,835,708,924
607,428,513,633,213,471,610,422,854,49,571
608,483,610,75,249,781,883,951,220,979,194
609,546,863,101,211,181,213,615,1041,318,47
610,493,457,395,54,396,998,710,31,725,495
611,11,54,732,903,281,793,210,916,208,986
612,471,851,422,65,886,356,718,821,143,445
613,487,745,645,684,330,261,149,30,702,887
614,565,791,973,779,317,437,761,878,296,163
615,453,465,776,118,388,628,660,321,595,513
616,843,278,1010,599,255,359,833,386,195,615
617,85,80,925,867,639,571,85,381,376,314
618,672,987,68,245,983,1017,550,1021,105,589
619,821,690,110,967,731,435,509,688,732,971
620,285,567,376,190,43,237,278,445,679,846
621,305,362,300,428,90,773,860,629,829,162
622,237,527,731,2,714,900,52,759,1018,937
623,105,224,872,215,517,615,71,7,703,519
624,807,189,880,260,876,873,173,73,827,379
625,363,312,118,363,91,768,544,178,342,423
626,789,445,345,648,119,896,712,322,996,304
627,640,939,733,977,378,74,583,388,965,294
628,934,824,1077,739,39,96,1034,706,279,124
629,8,136,817,959,11,935,950,426,956,941
630,164,99,1082,916,1090,255,466,532,39,509
631,575,666,596,547,322,760,753,1089,833,1055
632,805,168,552,484,354,1072,228,210,843,1060
633,772,423,739,255,575,379,631,63,18,296
634,952,956,678,577,946,638,1010,245,352,329
635,80,549,769,1066,651,983,578,939,14,155
636,598,286,386,100,1011,1002,733,909,467,706
637,366,214,1042,58,1059,728,671,134,53,556
638,1033,261,1052,645,847,169,285,576,888,592
639,10,138,227,593,473,404,1039,850,917,947
640,156,677,952,919,976,795,82,260,984,955
641,886,756,21,317,421,681,582,419,307,746
642,806,240,847,479,758,987,384,257,464,558
643,765,244,654,280,1066,659,395,294,305,367
644,778,357,850,481,285,833,286,2,405,977
645,278,631,217,864,783,445,773,126,728,177
646,854,41,329,308,528,332,668,236,13,658
647,820,3,879,424,995,879,1042,127,790,66
648,540,34,914,799,999,831,293,1056,1067,550
649,211,235,1014,826,842,871,1015,291,193,298
650,998,614,659,552,52,1019,383,693,516,901
651,1028,109,986,782,989,850,387,510,694,288
652,766,654,84,337,998,613,1055,504,373,126
653,358,621,882,293,509,751,566,282,461,881
654,499,347,276,923,1045,22,534,194,237,609
655,1016,748,106,741,214,303,404,586,479,652
656,897,587,52,877,961,319,811,500,134,491
657,263,289,609,284,773,759,938,326,810,404
658,961,826,464,545,1001,302,263,1022,290,525
659,439,1077,311,217,749,765,768,588,778,354
660,859,985,91,259,550,715,922,1049,789,255
661,403,254,809,174,663,466,872,638,100,1086
662,689,271,687,712,151,363,1002,1045,985,752
663,452,719,394,495,236,348,22,603,406,282
664,69,948,959,167,481,738,492,228,648,536
665,1083,773,1040,1028,1089,230,644,774,78,731
666,1052,657,483,857,771,0,690,116,1012,879
667,1001,901,793,482,414,605,1065,190,661,694
668,786,385,875,988,919,423,837,756,124,980
669,889,539,88,847,422,562,898,469,59,1050
670,614,673,998,761,1015,55,960,389,355,471
671,870,603,468,205,719,875,368,306,1069,128
672,482,1041,115,734,1006,846,226,592,997,492
673,1019,1008,19,710,800,1004,40,577,892,1056
674,84,363,41,997,553,657,48,662,567,48
675,979,1010,719,3,126,398,116,414,120,236
676,231,7,396,20,965,558,1045,1057,284,1003
677,963,903,178,942,1049,886,683,197,468,744
678,787,1036,333,176,207,211,634,949,442,892
679,1035,265,108,701,132,133,1025,466,224,578
680,119,830,573,676,127,834,114,547,80,370
681,175,503,539,498,482,12,464,252,217,113
682,56,842,897,88,383,940,7,929,400,985
683,345,421,246,570,935,162,39,319,433,87
684,673,1029,103,8,451,1052,921,734,757,446
685,809,706,780,366,331,874,340,781,630,858
686,716,509,788,884,529,857,955,20,458,356
687,760,682,811,953,216,937,538,610,1077,120
688,994,190,71,879,688,910,298,275,914,97
689,723,149,594,838,1024,509,711,247,1011,663
690,776,647,379,742,1047,980,314,819,238,149
691,348,140,277,483,125,531,55,644,779,842
692,209,944,163,523,943,422,1003,255,65,1025
693,798,955,953,143,278,160,735,136,587,346
694,623,64,1015,266,712,881,734,284,603,555
695,556,875,908,1018,782,388,537,796,919,745
696,572,1031,3,749,243,506,607,442,1051,915
697,417,448,312,881,729,340,502,865,806,692
698,165,896,878,154,337,400,260,522,298,836
699,398,732,851,307,26,229,930,89,29,322
700,996,382,750,375,755,275,1053,333,617,43
701,367,158,941,228,123,357,37,69,759,814
702,775,216,992,419,973,591,969,740,36,303
703,374,559,1058,410,441,596,211,862,962,562
704,936,399,814,1073,251,110,362,955,739,1062
705,827,11,688,651,907,299,221,943,381,978
706,553,12,214,677,252,125,581,704,435,685
707,95,45,934,669,345,87,356,1009,244,448
708,722,1004,787,935,618,807,758,1020,160,1047
709,421,713,253,282,391,15,497,259,639,729
710,490,1073,710,1051,161,643,103,1029,1087,63
711,496,669,1,668,107,970,269,17,345,14
712,334,803,261,703,884,27,732,884,1039,613
713,251,355,932,902,866,386,1,543,371,434
714,654,40,258,160,829,895,978,156,763,553
715,497,1090,636,713,465,21,17,936,690,166
716,1069,710,499,984,261,29,115,486,541,847
717,16,269,142,23,662,1020,225,711,767,193
718,1007,524,885,976,42,378,421,48,483,122
719,308,639,622,322,486,387,407,249,86,797
720,431,701,920,0,499,6,476,559,357,306
721,347,344,500,297,1017,859,424,652,338,753
722,769,432,381,72,448,368,593,548,1013,493
723,538,287,158,378,33,254,68,303,443,355
724,966,460,259,559,1081,365,188,384,314,604
725,1045,234,523,951,806,421,220,931,788,716
726,559,106,918,527,234,101,130,1018,557,10
727,177,351,874,441,112,827,619,191,76,942
728,106,703,466,1063,775,947,323,1075,260,411
729,24,1020,196,860,141,39,883,798,485,442
730,248,963,753,1008,455,143,168,921,429,153
731,382,729,533,62,366,680,684,264,764,793
732,1084,945,313,862,684,88,923,1033,564,474
733,140,847,447,1039,588,975,587,360,830,29
734,67,343,1072,878,1065,490,552,698,857,808
735,384,35,278,789,867,524,865,676,453,501
736,570,862,493,1014,1003,592,169,651,274,720
737,973,818,263,508,877,607,517,1001,684,461
738,168,1089,942,715,843,762,428,492,842,959
739,557,383,169,885,922,5,945,258,133,54
740,619,740,522,774,163,689,729,251,153,263
741,123,156,724,408,881,620,1087,594,510,783
742,1005,150,701,323,724,129,911,465,819,533
743,265,131,363,320,759,480,569,634,752,239
744,549,936,746,580,899,733,909,607,438,1015
745,628,599,305,1065,644,1014,444,596,386,377
746,817,648,1074,272,429,1033,458,47,975,675
747,589,986,233,784,572,182,859,437,395,324
748,687,888,765,1089,674,671,44,146,462,958
749,1036,320,965,289,325,921,1067,780,668,266
750,59,213,400,480,673,59,129,371,750,235
751,725,10,87,423,942,250,692,280,370,260
752,958,276,1012,820,474,892,731,340,177,554
753,541,1053,424,10,660,186,954,1065,1033,894
754,47,1015,170,929,213,64,573,1012,261,41
755,327,684,638,426,69,419,386,176,43,35
756,148,1080,726,1009,143,1028,490,451,240,1023
757,867,950,706,342,727,800,941,25,1002,388
758,456,107,757,685,1073,36,1033,174,832,102
759,60,770,541,803,930,540,341,117,57,212
760,504,314,715,1067,104,653,326,496,304,584
761,279,1062,144,1022,689,44,413,32,637,34
762,808,1081,605,438,1080,710,915,521,393,1085
763,984,1032,428,716,137,284,834,80,155,1081
764,194,804,8,525,824,920,363,494,773,690
765,702,345,949,992,18,478,209,1007,363,841
766,385,346,525,277,657,432,704,112,501,914
767,1012,453,66,637,1075,240,843,575,754,95
768,474,94,201,236,259,263,963,513,677,1032
769,1077,841,434,601,466,929,596,617,869,859
770,275,640,672,748,981,1050,295,1031,610,295
771,1014,954,978,319,415,973,145,836,1027,390
772,720,475,623,808,108,722,894,777,243,207
773,41,788,587,846,380,333,543,800,662,328
774,28,909,462,898,754,821,979,223,83,884
775,561,850,895,946,146,175,92,250,964,380
776,1058,1064,903,436,864,520,993,864,605,4
777,881,536,536,733,286,961,79,434,221,443
778,201,811,843,511,856,586,333,778,563,417
779,997,634,450,786,266,457,23,783,616,150
780,741,406,484,585,22,668,451,356,336,1028
781,719,705,756,326,13,150,372,1047,63,654
782,432,618,630,1,1035,941,688,709,550,774
783,718,977,285,745,356,932,1036,793,890,625
784,158,602,1079,1080,801,928,877,339,81,472
785,246,664,974,433,384,452,432,838,517,254
786,684,403,582,1004,238,411,469,1034,751,1082
787,1015,935,459,453,210,969,726,799,26,693
788,467,63,96,633,1018,2,355,739,459,547
789,198,81,100,1012,297,672,96,344,895,331
790,601,318,177,974,997,297,385,1054,72,600
791,480,994,184,819,909,732,134,363,898,521
792,767,572,718,451,616,706,34,902,723,724
793,486,617,1048,350,892,148,258,773,859,391
794,691,170,415,625,551,1,121,696,974,823
795,418,277,423,386,1037,729,369,678,744,897
796,422,576,257,460,276,79,94,946,542,256
797,459,550,1055,538,504,119,1079,1,854,736
798,995,373,940,112,794,688,313,1084,434,375
799,853,890,841,1071,55,197,653,237,879,473
800,26,1074,212,1086,525,1091,1066,908,219,674
801,932,586,901,966,743,984,42,913,205,827
802,203,797,989,746,585,285,927,582,906,78
803,944,637,982,766,180,565,617,882,32,535
804,124,248,896,336,695,123,223,885,848,99
805,532,299,56,466,154,283,796,572,538,997
806,295,912,162,102,555,54,472,75,791,976
807,650,302,597,845,702,828,595,660,1060,807
808,688,1055,260,47,72,939,325,970,1024,93
809,42,558,890,101,488,1026,652,1028,419,436
810,268,493,404,421,419,878,888,831,425,548
811,907,781,94,313,83,630,512,770,1078,591
812,138,760,598,955,93,887,301,41,271,773
813,865,4,650,776,552,598,335,752,266,530
814,478,674,1071,354,338,580,202,350,1032,518
815,877,762,375,446,587,46,870,744,747,494
816,644,600,892,294,464,118,316,837,256,309
817,1017,564,1066,332,837,568,328,1027,398,800
818,359,488,626,1059,400,954,756,839,272,801
819,227,511,440,1045,188,1041,561,46,799,469
820,882,864,5,1011,732,494,268,147,135,242
821,449,544,435,1035,244,111,957,349,825,913
822,927,622,781,750,501,34,249,978,669,638
823,287,853,958,998,1070,976,261,802,695,158
824,849,219,145,55,1084,146,1078,14,816,476
825,70,764,1085,414,534,266,205,348,601,644
826,470,137,625,207,852,563,594,511,1031,45
827,242,69,712,1058,601,217,58,528,35,874
828,580,1050,437,91,895,257,628,792,186,278
829,224,46,249,908,328,306,231,757,999,0
830,333,900,1018,790,47,220,182,636,17,285
831,738,497,578,561,520,600,967,808,151,771
832,173,350,528,1003,428,515,250,157,556,397
833,133,555,531,485,241,417,789,996,977,319
834,914,394,460,305,301,353,501,1038,1029,877
835,872,436,488,418,590,339,35,849,5,74
836,955,565,613,439,900,370,294,527,1089,678
837,276,464,50,1029,227,4,1085,238,835,911
838,171,455,165,1043,549,117,618,536,647,272
839,243,652,1033,874,745,310,0,914,472,769
840,1057,341,748,7,500,181,832,1066,585,59
841,1009,180,1023,542,82,1060,246,1048,179,993
842,301,516,228,379,591,43,792,439,572,910
843,36,1069,399,672,642,782,378,268,592,406
844,250,971,792,764,208,1013,245,55,802,76
845,617,326,1091,973,505,30,193,230,58,512
846,259,65,772,1050,885,496,766,431,1015,1007
847,637,823,740,656,891,534,616,161,377,68
848,178,947,268,61,420,189,937,766,534,313
849,969,169,905,694,675,536,742,690,156,450
850,1071,974,571,1025,304,564,976,1050,731,237
851,1051,735,631,114,247,1076,308,782,577,927
852,297,790,652,783,1056,996,873,265,292,419
853,522,370,782,811,64,504,452,710,512,1066
854,44,9,886,172,838,876,1058,907,946,488
855,771,898,854,532,92,313,344,982,976,929
856,320,538,819,660,296,193,881,240,137,227
857,895,178,907,663,73,233,214,674,89,683
858,816,1045,526,726,1060,280,973,413,417,661
859,186,1057,632,95,653,995,30,565,289,425
860,1068,813,508,958,424,272,723,730,792,626
861,756,163,1029,568,1082,246,835,804,113,131
862,176,589,801,1078,68,345,822,737,958,597
863,890,1063,773,569,115,247,853,411,1010,114
864,814,531,467,670,138,70,708,769,1035,563
865,199,217,1061,257,514,890,554,889,969,864
866,260,899,338,302,593,170,247,53,705,138
867,852,591,198,234,96,80,803,1080,104,703
868,626,968,282,890,711,295,693,966,495,208
869,982,958,580,636,385,618,890,323,655,233
870,592,661,538,793,128,764,361,750,84,650
871,167,93,1037,469,176,477,486,42,559,238
872,851,308,991,195,170,1079,681,235,4,668
873,446,25,743,1038,576,542,346,328,837,245
874,317,822,51,117,750,699,124,937,216,526
875,758,546,821,253,828,362,661,415,706,700
876,830,921,40,654,131,557,867,98,972,817
877,394,110,358,267,171,252,499,632,152,570
878,90,467,289,165,34,66,893,654,103,627
879,988,739,876,156,929,590,564,12,310,164
880,941,922,131,128,903,623,968,133,774,143
881,750,1026,302,529,948,277,817,218,62,876
882,737,120,519,533,277,942,904,287,47,888
883,188,782,544,123,744,816,199,986,423,979
884,223,662,445,1037,478,898,496,67,856,81
885,892,142,419,778,952,7,651,68,1040,19
886,321,395,532,503,494,588,749,169,782,1042
887,896,295,520,417,568,559,539,779,553,401
888,425,376,189,452,412,711,409,1076,259,890
889,991,783,857,120,926,367,513,28,1025,496
890,12,871,482,772,1029,528,437,816,691,960
891,815,938,534,804,917,549,29,954,781,251
892,174,512,334,355,1030,652,18,733,415,794
893,855,335,136,352,607,785,461,298,432,848
894,427,982,689,461,910,593,648,795,561,2
895,62,815,721,285,12,444,178,480,993,671
896,915,456,245,560,721,128,713,962,796,722
897,266,686,356,310,1000,293,104,288,666,673
898,161,307,542,66,752,648,574,899,6,72
899,698,176,465,628,1069,667,485,655,651,144
900,411,231,937,59,508,650,1028,118,340,612
901,99,301,840,962,270,1068,463,724,696,53
902,216,734,683,133,480,3,588,866,312,857
903,281,752,476,837,547,1077,1060,961,887,594
904,78,1012,361,177,603,113,678,683,1008,139
905,368,667,1065,4,350,346,725,631,596,64
906,354,857,535,872,982,730,270,4,40,579
907,508,951,325,442,790,905,730,1046,682,863
908,858,450,550,454,280,631,787,182,880,52
909,951,799,359,947,230,235,365,625,73,608
910,674,601,690,383,417,854,381,183,602,572
911,616,185,1013,970,233,951,852,160,908,680
912,136,749,805,590,566,968,128,341,102,196
913,762,658,1060,1069,951,173,1047,233,129,962
914,861,459,747,392,1050,988,754,40,622,33
915,212,915,643,971,836,394,586,90,234,835
916,111,471,30,349,1022,884,1054,290,2,898
917,675,340,803,486,906,403,1020,1004,678,574
918,315,68,393,146,321,483,932,149,250,708
919,249,342,985,659,865,597,625,666,896,751
920,949,953,779,674,130,446,1017,478,1023,831
921,405,104,451,478,535,614,31,1073,473,27
922,1054,521,478,367,577,994,828,370,633,653
923,891,1013,119,543,924,259,303,641,1065,277
924,1086,1009,906,28,569,1053,397,886,413,1080
925,797,166,1063,615,532,48,170,1060,437,990
926,633,659,337,646,967,155,556,315,278,320
927,77,992,47,301,439,974,45,963,548,432
928,180,13,410,450,700,626,627,305,699,878
929,424,932,668,843,394,576,584,325,915,974
930,472,632,515,21,282,215,656,1082,910,267
931,521,961,109,526,818,1040,942,665,514,247
932,682,223,391,377,600,190,676,803,350,148
933,695,929,161,6,1010,545,61,464,584,88
934,183,798,264,812,728,1049,167,427,834,923
935,980,238,114,510,658,337,296,123,359,12
936,235,755,720,634,816,377,251,13,688,585
937,484,548,917,876,634,826,519,611,79,490
938,233,228,89,985,538,475,691,369,805,1005
939,1073,580,976,717,215,281,907,1083,426,781
940,678,744,868,279,6,108,423,167,416,152
941,620,267,700,948,290,243,3,891,96,659
942,954,352,494,380,1054,416,1083,394,632,1058
943,945,845,620,394,831,744,613,534,609,956
944,564,444,298,224,666,120,257,65,440,273
945,445,793,167,57,10,703,414,1068,174,967
946,656,630,137,689,678,51,19,531,353,845
947,707,129,430,914,167,395,373,5,758,991
948,588,825,4,33,36,866,51,649,991,246
949,976,594,521,1057,599,212,846,59,912,987
950,310,691,1045,751,1026,844,1061,385,776,1018
951,238,1072,600,623,971,192,649,694,583,999
952,355,949,912,517,122,700,282,276,228,337
953,653,397,551,179,240,820,351,727,77,667
954,708,67,1049,110,336,32,370,501,643,567
955,662,116,704,490,342,897,448,973,787,742
956,409,462,575,412,778,529,290,1055,456,250
957,130,557,1044,84,120,836,1022,217,913,1000
958,1018,997,994,131,780,1073,24,475,667,719
959,463,297,433,594,191,1078,779,682,344,117
960,584,407,846,557,332,798,1040,687,168,17
961,1079,241,755,250,1004,366,697,1051,108,340
962,839,47,179,140,934,412,321,827,813,211
963,1026,934,589,945,183,9,420,593,382,201
964,664,704,310,787,145,654,15,91,451,965
965,293,736,702,688,605,196,511,221,30,588
966,551,476,497,996,647,566,185,590,961,616
967,774,665,745,1048,59,752,526,285,361,11
968,612,264,669,933,629,208,163,406,783,42
969,423,874,239,109,370,507,334,828,742,631
970,253,699,751,906,889,735,108,573,10,50
971,525,454,64,800,193,11,855,1036,1044,672
972,353,434,454,1016,253,384,813,199,849,972
973,918,605,796,995,461,163,918,85,597,637
974,755,880,206,407,996,539,882,977,532,870
975,362,635,900,369,845,838,530,396,448,559
976,635,837,76,980,625,698,946,412,681,414
977,507,679,141,621,638,57,931,404,925,704
978,502,571,480,286,444,604,977,128,531,945
979,714,48,829,396,940,658,737,397,568,1030
980,685,904,1034,606,111,646,107,883,334,79
981,245,960,1000,954,559,704,679,614,853,316
982,792,743,254,1049,526,690,110,647,131,576
983,371,416,146,618,85,977,271,681,248,342
984,648,983,555,447,797,84,105,460,947,778
985,710,393,284,699,1052,33,305,814,280,86
986,100,202,774,17,1078,749,590,307,466,32
987,1062,731,72,813,374,318,589,817,1046,697
988,1022,563,511,653,804,26,27,436,737,738
989,179,117,61,836,640,191,638,383,1083,478
990,401,446,43,896,262,289,152,526,911,596
991,681,316,503,472,645,459,980,669,891,311
992,747,70,729,1090,665,144,16,859,51,210
993,29,319,62,895,225,25,1049,66,270,141
994,71,378,513,82,256,553,274,15,660,412
995,466,20,927,376,979,484,73,71,1092,321
996,953,469,314,830,626,1066,62,293,636,289
997,717,209,640,871,359,13,823,206,1052,992
998,284,266,889,579,1087,347,996,775,988,851
999,651,575,960,265,196,428,609,202,994,531
1000,939,836,823,731,565,472,905,60,664,725
1001,329,97,786,840,850,112,72,244,710,140
1002,587,89,705,325,184,501,1048,697,676,176
1003,40,171,70,507,302,993,604,193,236,810
1004,933,470,67,686,1072,1042,1035,144,71,1008
1005,520,473,352,591,820,544,879,365,480,180
1006,142,272,842,506,833,1021,806,3,27,1051
1007,989,328,152,243,164,721,799,330,608,676
1008,981,895,218,89,556,17,863,818,558,727
1009,591,620,628,425,25,294,343,433,611,261
1010,352,32,481,343,1008,322,721,1003,578,135
1011,779,636,390,586,558,784,791,716,615,202
1012,693,502,180,587,567,809,213,583,700,543
1013,638,182,176,225,351,107,63,995,463,485
1014,518,768,475,551,260,632,262,269,785,634
1015,920,98,595,758,271,603,297,815,569,922
1016,647,508,789,229,920,982,764,76,580,109
1017,600,22,155,797,60,714,639,965,351,633
1018,13,604,490,178,200,612,227,990,743,765
1019,894,38,902,262,156,385,591,764,283,171
1020,131,644,971,851,129,40,829,219,470,1013
1021,35,95,449,582,624,675,399,997,74,853
1022,1000,1046,90,762,139,270,371,343,811,966
1023,350,353,86,683,5,336,658,302,623,651
1024,331,547,32,401,506,479,982,1043,545,219
1025,1010,419,771,849,619,723,306,132,162,787
1026,917,85,138,981,799,894,1064,44,876,197
1027,202,369,1073,90,827,952,838,702,760,925
1028,524,418,873,9,735,685,467,729,865,378
1029,703,401,881,536,597,853,748,972,203,268
1030,55,733,287,666,834,329,439,953,1084,465
1031,705,1019,205,212,516,602,944,600,968,44
1032,960,229,335,76,822,1015,47,689,225,55
1033,704,789,495,127,179,132,784,989,252,872
1034,498,707,31,98,954,981,13,457,8,735
1035,396,249,728,597,390,917,243,231,1021,607
1036,377,364,112,186,89,69,755,853,294,371
1037,676,270,607,603,722,491,89,811,523,487
1038,444,311,993,576,81,1005,315,703,573,737
1039,110,514,58,722,172,1070,498,852,158,1089
1040,196,579,182,389,349,901,441,938,239,159
1041,451,500,353,198,1086,1023,229,266,687,920
1042,599,188,255,373,988,855,495,1061,801,335
1043,860,478,81,489,408,510,127,422,362,507
1044,964,252,9,138,573,260,752,919,119,132
1045,790,334,981,887,409,256,440,552,229,312
1046,1039,910,16,387,502,451,716,679,847,540
1047,241,832,816,247,106,334,8,119,823,426
1048,610,66,761,300,459,453,289,622,471,179
1049,573,724,744,251,24,19,1019,1044,693,382
1050,226,288,326,388,124,805,774,407,253,65
1051,416,763,1081,80,1088,669,640,379,582,403
1052,649,139,727,912,35,1062,489,671,798,577
1053,1042,75,17,144,1058,1047,234,1024,226,366
1054,189,984,1069,619,157,23,396,869,275,31
1055,21,534,997,1023,150,276,284,810,926,185
1056,537,613,775,817,361,153,536,99,309,308
1057,271,365,303,263,791,801,350,749,61,1059
1058,328,73,42,655,975,97,388,563,147,734
1059,306,259,365,938,901,1089,402,630,251,264
1060,79,291,147,682,1048,344,892,1006,128,142
1061,296,226,354,910,974,783,830,166,489,332
1062,230,481,432,927,872,209,935,195,948,410
1063,1092,292,752,882,715,354,767,143,959,62
1064,604,975,708,182,446,872,925,124,482,61
1065,52,296,707,136,237,902,562,512,498,1001
1066,863,361,509,1088,86,102,580,969,714,868
1067,415,660,864,825,114,236,1014,485,254,610
1068,437,463,44,834,947,278,1007,863,41,386
1069,127,201,964,556,217,127,183,21,1064,205
1070,847,17,637,276,959,1055,987,503,653,761
1071,746,1011,568,1001,580,65,917,507,171,302
1072,298,1049,126,960,1031,916,785,755,970,503
1073,420,816,798,544,1062,427,986,152,644,582
1074,380,417,790,404,434,533,702,81,387,1014
1075,1065,916,679,37,16,978,916,605,1057,561
1076,269,623,926,399,76,225,1057,879,841,439
1077,27,608,569,1010,365,95,727,170,882,973
1078,801,775,301,150,308,124,204,229,995,508
1079,476,761,370,925,272,300,777,86,227,347
1080,429,480,322,767,485,185,255,822,170,387
1081,464,1051,977,759,1046,514,682,175,66,333
1082,657,717,939,679,887,265,939,105,295,546
1083,921,438,929,492,762,93,137,272,410,101
1084,228,642,883,443,531,616,844,619,169,199
1085,832,28,224,371,239,933,320,767,45,339
1086,407,1023,293,824,242,408,1008,278,409,1063
1087,1064,628,563,1074,133,930,426,648,886,740
1088,1034,333,856,963,835,253,528,956,223,648
1089,160,77,59,835,0,796,626,417,111,900
1090,323,952,984,635,848,943,902,355,322,293
1091,862,794,861,622,498,972,364,214,436,759
1092,574,257,777,75,246,517,654,270,717,821
